{
    "school_year": "2025-2026",
    "start_date": "2025-09-01",
    "end_date": "2026-07-04",
    "periods": [
        {
            "name": "Vacances de la Toussaint",
            "start": "2025-10-18",
            "end": "2025-11-03"
        },
        {
            "name": "Vacances de Noël",
            "start": "2025-12-20",
            "end": "2026-01-05"
        }
    ],
    "vacanta_ski_2026": [
        {
            "start": "2026-02-07",
            "end": "2026-02-23",
            "judete": [
                "Zone A: Besançon, Bordeaux, Clermont-Ferrand, Dijon, Grenoble, Limoges, Lyon, Poitiers"
            ]
        },
        {
            "start": "2026-02-14",
            "end": "2026-03-02",
            "judete": [
                "Zone B: Aix-Marseille, Amiens, Caen, Lille, Nancy-Metz, Nantes, Nice, Normandie, Orléans-Tours, Reims, Rennes, Rouen, Strasbourg"
            ]
        },
        {
            "start": "2026-02-21",
            "end": "2026-03-09",
            "judete": [
                "Zone C: Créteil, Montpellier, Paris, Toulouse, Versailles"
            ]
        }
    ],
    "periods_after_ski": [
        {
            "name": "Vacances de printemps",
            "start": "2026-04-04",
            "end": "2026-04-20"
        },
        {
            "name": "Vacances d'été",
            "start": "2026-07-05",
            "end": "2026-09-01"
        }
    ],
    "weekends": true,
    "public_holidays": [
        {
            "date": "2025-11-01",
            "name": "Toussaint"
        },
        {
            "date": "2025-11-11",
            "name": "Armistice 1918"
        },
        {
            "date": "2025-12-25",
            "name": "Noël"
        },
        {
            "date": "2026-01-01",
            "name": "Jour de l'An"
        },
        {
            "date": "2026-04-03",
            "name": "Vendredi saint (certaines régions)"
        },
        {
            "date": "2026-04-06",
            "name": "Lundi de Pâques"
        },
        {
            "date": "2026-05-01",
            "name": "Fête du Travail"
        },
        {
            "date": "2026-05-08",
            "name": "Victoire 1945"
        },
        {
            "date": "2026-05-14",
            "name": "Ascension"
        },
        {
            "date": "2026-05-25",
            "name": "Lundi de Pentecôte"
        }
    ]
}